,player_id,pts,reb,ast,blk,stl,fg%,ft%,fg3m,min,tov
0,203932,16.06,6.75,1.99,0.71,0.91,0.44,0.78,1.4,33.94,1.58
1,201143,12.34,5.8,3.25,1.03,0.65,0.47,0.76,1.13,30.25,1.61
2,202329,9.78,5.39,1.75,0.45,0.95,0.44,0.74,1.41,27.98,1.14
3,202692,8.35,2.42,1.53,0.14,0.54,0.41,0.77,0.69,20.8,1.01
4,203518,5.5,1.73,0.99,0.11,0.48,0.41,0.8,1.07,17.0,0.57
5,203458,8.35,6.87,0.74,1.29,0.54,0.51,0.65,0.0,23.28,1.24
6,1627816,2.24,0.93,0.54,0.05,0.15,0.45,1.0,0.35,9.09,0.3
7,203459,10.02,3.48,1.6,0.32,0.62,0.42,0.81,1.4,26.28,1.04
8,101161,3.33,3.13,0.77,0.38,0.46,0.46,0.6,0.03,13.59,0.6
9,203083,15.57,11.09,2.39,1.59,1.09,0.51,0.62,0.08,33.34,2.01
10,2738,8.1,3.87,3.28,0.48,0.86,0.46,0.74,0.76,26.66,1.2
11,101106,2.24,3.56,0.72,1.02,0.23,0.44,0.55,0.0,13.35,0.84
12,1626150,9.82,2.65,3.75,0.2,0.99,0.45,0.82,0.71,26.52,1.55
13,203952,15.88,4.99,2.34,0.4,0.92,0.45,0.8,1.34,32.16,1.6
14,203076,24.99,10.1,2.28,1.95,1.15,0.52,0.77,0.44,35.26,2.17
15,201229,7.18,2.33,0.95,0.19,0.46,0.43,0.82,1.03,18.15,0.7
16,203382,4.01,3.69,0.56,0.61,0.33,0.47,0.67,0.01,14.89,0.67
17,203085,13.69,2.7,3.35,0.25,0.92,0.42,0.81,1.84,31.23,1.55
18,202340,14.43,3.3,2.3,0.18,1.06,0.43,0.78,1.7,30.66,1.54
19,203463,6.76,2.28,0.98,0.25,0.6,0.42,0.79,0.91,19.23,0.81
20,202687,5.08,4.47,0.64,1.11,0.36,0.5,0.64,0.01,17.78,0.81
21,201933,19.34,4.71,4.19,0.38,0.98,0.42,0.8,1.5,34.17,2.18
22,1626246,5.72,3.71,0.51,0.33,0.38,0.45,0.75,0.01,14.41,0.72
23,1626171,11.96,6.07,1.44,0.4,0.66,0.44,0.77,0.95,25.19,1.33
24,202711,12.52,3.05,1.94,0.16,0.74,0.44,0.83,1.58,28.14,1.3
25,203078,19.78,3.86,4.7,0.29,1.08,0.44,0.84,1.85,35.18,2.14
26,1627742,16.19,4.19,3.09,0.45,0.86,0.45,0.79,0.86,32.67,2.04
27,201572,9.2,3.67,0.96,0.51,0.45,0.41,0.78,1.07,21.67,0.86
28,203998,4.79,2.44,0.61,0.14,0.33,0.46,0.67,0.57,13.21,0.54
29,1627854,6.4,2.09,1.03,0.15,0.43,0.42,0.85,0.86,18.14,0.67
30,1627741,12.29,3.46,2.21,0.27,1.25,0.42,0.82,1.56,30.44,1.38
31,203468,19.37,4.12,2.76,0.43,0.89,0.45,0.85,2.31,34.72,1.69
32,101139,9.96,2.73,1.48,0.23,0.59,0.4,0.84,1.79,24.45,1.02
33,1626166,7.91,2.42,2.66,0.1,0.79,0.41,0.78,0.88,23.51,1.25
34,1627747,11.69,3.19,3.97,0.27,1.16,0.45,0.8,1.0,29.29,1.77
35,2546,13.61,4.63,1.89,0.32,0.7,0.45,0.78,1.62,30.07,1.27
36,202718,7.8,2.52,1.11,0.32,0.64,0.46,0.84,0.99,20.34,0.68
37,101112,4.57,2.2,0.89,0.27,0.34,0.39,0.72,0.77,15.99,0.54
38,1627767,3.92,3.08,0.46,0.47,0.27,0.47,0.74,0.0,12.53,0.67
39,101108,17.44,3.69,6.56,0.29,1.6,0.43,0.83,1.94,34.49,2.56
40,203991,14.2,9.74,1.44,1.81,0.61,0.54,0.68,0.0,31.77,1.93
41,203469,7.5,5.43,0.79,0.82,0.42,0.48,0.78,0.01,21.68,1.13
42,201147,6.69,3.08,1.21,0.2,0.94,0.44,0.74,0.6,19.2,0.9
43,202709,7.96,3.3,2.72,0.22,0.71,0.44,0.76,0.92,24.2,1.2
44,201584,13.29,2.98,2.8,0.26,1.1,0.48,0.8,1.52,30.65,1.26
45,1626245,4.2,2.93,0.61,0.27,0.29,0.5,0.71,0.0,14.39,0.67
46,1626156,12.65,2.91,3.63,0.2,0.87,0.42,0.84,1.45,27.63,2.01
47,201571,8.88,1.7,2.96,0.09,0.58,0.41,0.83,1.04,21.88,1.2
48,1627745,5.27,4.08,0.63,0.56,0.31,0.49,0.64,0.0,17.32,0.7
49,203081,23.96,4.23,5.52,0.41,1.16,0.43,0.84,2.12,36.34,2.84
50,201568,15.26,4.64,2.08,0.46,0.66,0.43,0.86,1.28,31.8,1.43
51,201980,7.83,3.31,1.45,0.57,0.88,0.41,0.83,1.38,24.95,0.91
52,201967,5.81,3.47,0.98,0.27,0.46,0.45,0.71,0.6,18.76,0.75
53,203957,7.99,2.07,3.53,0.1,0.79,0.43,0.76,0.51,22.8,1.37
54,1627863,7.73,2.89,1.34,0.34,0.58,0.44,0.72,0.99,19.74,0.88
55,203967,13.38,5.04,2.21,0.39,0.71,0.45,0.8,1.22,31.38,1.5
56,201954,11.29,2.4,4.36,0.17,1.14,0.45,0.8,0.97,29.44,1.47
57,1628021,7.91,4.28,1.35,0.38,0.79,0.45,0.72,0.21,23.69,1.14
58,202722,6.28,2.06,0.75,0.28,0.48,0.42,0.75,1.09,17.82,0.58
59,201599,9.77,10.14,1.4,1.25,0.62,0.56,0.61,0.0,29.19,1.68
60,1627761,5.62,2.28,2.17,0.2,0.79,0.41,0.74,0.36,18.36,1.07
61,201942,20.98,4.14,3.59,0.25,1.0,0.44,0.83,1.11,34.63,2.09
62,202326,26.47,7.74,5.73,0.85,1.57,0.47,0.76,1.74,38.35,3.49
63,201960,12.62,5.03,1.82,0.54,0.9,0.45,0.81,1.27,30.37,1.41
64,1626153,8.59,3.02,2.93,0.28,0.85,0.45,0.77,0.63,23.25,1.51
65,1627743,3.23,1.03,1.23,0.11,0.4,0.41,0.72,0.23,11.09,0.59
66,203471,18.97,3.36,5.93,0.17,1.04,0.45,0.83,1.18,33.0,2.47
67,202324,11.51,6.62,1.49,1.15,0.85,0.5,0.7,0.16,27.96,1.38
68,1627884,4.32,3.08,0.28,0.84,0.26,0.52,0.62,0.0,14.05,0.73
69,201565,10.87,2.36,1.95,0.19,0.75,0.44,0.79,0.46,24.87,1.53
70,1626164,23.94,4.89,5.43,0.33,1.05,0.43,0.84,2.16,36.56,2.58
71,2734,7.65,1.82,2.23,0.14,0.6,0.43,0.82,0.95,20.08,1.06
72,203473,8.47,5.12,1.43,0.58,0.69,0.46,0.78,0.89,24.68,0.94
73,1627738,4.98,4.06,0.9,0.55,0.4,0.47,0.65,0.05,16.4,0.64
74,203079,13.53,2.6,3.04,0.19,0.87,0.42,0.82,1.72,29.54,1.68
75,1717,10.88,4.05,1.55,0.36,0.65,0.43,0.82,1.47,25.28,0.97
76,1627734,12.81,7.2,1.31,0.62,0.73,0.48,0.77,0.03,27.99,1.7
77,1627827,5.01,2.21,0.89,0.31,0.45,0.4,0.72,0.81,18.34,0.64
78,203926,6.67,2.43,0.89,0.18,0.28,0.45,0.83,0.89,18.6,0.62
79,1627733,6.58,2.95,1.19,0.51,0.6,0.4,0.73,1.01,21.84,0.84
80,203110,11.51,6.67,6.34,0.83,1.51,0.44,0.75,1.07,32.67,2.64
81,2730,17.83,9.44,2.44,1.86,0.75,0.52,0.69,0.01,33.34,2.25
82,203939,8.92,5.6,1.31,0.54,0.86,0.46,0.7,0.37,25.22,1.25
83,2548,9.96,3.27,2.65,0.31,0.84,0.44,0.8,0.6,25.5,1.53
84,202734,12.17,2.76,2.76,0.18,1.15,0.46,0.8,1.36,28.59,1.22
85,202334,4.9,4.97,0.6,0.83,0.47,0.5,0.61,0.09,18.93,0.88
86,203901,13.7,3.98,5.3,0.32,1.23,0.44,0.76,0.73,30.85,2.28
87,1626144,10.24,2.62,3.7,0.13,0.81,0.43,0.82,1.08,25.42,1.62
88,202683,11.48,8.01,1.14,0.56,0.61,0.5,0.67,0.0,26.89,1.48
89,202339,15.82,3.57,5.19,0.36,1.37,0.43,0.84,1.43,32.95,2.12
90,201569,15.74,2.85,2.43,0.21,0.89,0.45,0.86,2.07,31.98,1.5
91,101141,11.72,6.22,1.68,0.46,0.76,0.44,0.77,1.33,28.11,1.16
92,203095,14.7,3.41,2.9,0.25,0.8,0.43,0.8,1.93,29.7,1.64
93,202323,7.08,3.13,2.11,0.32,0.64,0.43,0.74,0.43,22.04,1.12
94,1626163,10.46,2.68,1.2,0.11,0.57,0.43,0.83,1.27,22.57,1.08
95,1627832,11.47,2.74,2.56,0.19,0.98,0.44,0.86,1.41,27.24,1.37
96,202066,8.89,2.59,1.98,0.23,0.82,0.43,0.81,1.11,26.75,1.12
97,203914,15.93,4.2,2.67,0.3,1.21,0.43,0.79,1.71,32.68,1.67
98,1627780,4.81,2.1,0.93,0.11,0.58,0.48,0.72,0.47,15.4,0.67
99,201588,8.08,2.84,1.95,0.16,0.75,0.42,0.78,1.1,24.8,0.9
100,101123,8.4,2.28,1.03,0.28,0.6,0.4,0.82,1.48,21.07,0.74
101,203507,25.86,9.84,4.16,1.49,1.4,0.5,0.76,0.65,36.7,2.86
102,203922,4.95,1.66,1.49,0.12,0.63,0.41,0.83,0.64,16.76,0.73
103,201609,16.35,3.42,3.83,0.15,0.81,0.45,0.83,1.33,32.28,2.05
104,203476,4.85,3.0,0.84,0.37,0.59,0.48,0.75,0.14,15.93,0.51
105,202328,9.93,7.14,1.76,0.58,0.76,0.51,0.74,0.07,24.3,1.44
106,203084,17.99,6.59,2.08,0.5,0.91,0.45,0.84,1.5,33.36,1.42
107,202355,15.11,8.9,1.73,1.51,0.72,0.53,0.74,0.0,32.03,1.75
108,1627740,5.43,1.89,1.01,0.1,0.45,0.44,0.85,0.66,14.39,0.73
109,203546,7.51,2.28,1.24,0.26,0.49,0.45,0.8,1.02,19.86,0.64
110,101133,5.05,3.98,0.69,0.55,0.52,0.48,0.64,0.0,16.97,0.98
111,202697,7.15,3.41,1.31,0.31,0.86,0.42,0.75,0.84,21.02,1.05
112,203477,6.9,1.89,2.98,0.13,0.68,0.39,0.78,0.77,20.08,1.17
113,202738,11.67,2.12,3.74,0.1,0.69,0.42,0.81,1.24,25.78,1.92
114,202397,7.92,2.12,3.43,0.1,0.71,0.44,0.76,0.32,22.49,1.21
115,1627826,6.38,4.4,0.6,0.49,0.36,0.53,0.65,0.0,17.67,0.85
116,200826,10.76,2.59,5.15,0.06,0.71,0.42,0.77,1.51,27.21,1.77
117,200755,15.37,2.87,2.55,0.18,0.83,0.45,0.86,1.81,30.79,1.48
118,2747,6.99,2.31,1.73,0.18,0.61,0.43,0.81,1.19,24.38,0.8
119,203210,10.65,6.74,1.54,0.5,0.72,0.46,0.78,0.59,27.52,1.28
120,201580,4.09,2.74,0.32,0.7,0.24,0.54,0.62,0.0,11.35,0.43
121,203953,10.65,3.4,1.99,0.32,0.7,0.43,0.78,0.84,24.99,1.2
122,203109,8.67,2.98,1.36,0.18,0.62,0.42,0.81,1.28,23.15,0.92
123,1626143,6.75,3.88,0.74,0.53,0.33,0.47,0.77,0.05,17.94,0.88
124,1627774,2.69,0.93,0.75,0.11,0.34,0.41,0.77,0.26,9.96,0.4
125,1627751,5.81,4.68,0.7,0.94,0.42,0.53,0.64,0.05,18.18,0.92
126,2037,8.38,1.87,1.85,0.15,0.55,0.42,0.84,0.94,20.02,1.11
127,1627750,12.73,3.25,2.52,0.19,0.86,0.44,0.8,1.56,29.73,1.54
128,203516,8.7,3.69,1.41,0.43,0.76,0.44,0.76,1.06,24.82,0.86
129,201935,27.43,6.06,6.77,0.55,1.56,0.45,0.84,2.44,37.28,3.84
130,201949,10.52,4.61,2.65,0.48,0.94,0.46,0.77,0.61,28.15,1.45
131,201162,3.51,1.43,1.45,0.1,0.46,0.4,0.83,0.19,14.71,0.72
132,1626185,6.56,4.07,1.02,0.67,0.55,0.43,0.67,0.37,18.61,0.93
133,201160,4.7,2.37,0.72,0.34,0.38,0.47,0.76,0.22,12.74,0.64
134,1627759,14.12,4.59,2.16,0.43,0.88,0.43,0.78,1.61,30.61,1.36
135,201145,9.93,3.22,1.55,0.19,0.59,0.45,0.81,0.7,24.59,1.0
136,201952,13.78,2.9,6.23,0.28,1.21,0.43,0.85,1.15,32.3,2.58
137,203924,8.47,4.07,0.81,0.58,0.49,0.49,0.69,0.46,19.7,0.87
138,203087,9.63,2.72,1.66,0.19,0.76,0.42,0.82,0.78,23.82,1.16
139,1626170,6.54,1.71,2.89,0.08,0.75,0.42,0.77,0.41,19.97,1.1
140,201573,7.79,2.57,1.68,0.25,0.84,0.43,0.79,1.07,23.68,1.01
141,202710,19.86,5.32,4.45,0.49,1.72,0.45,0.82,0.9,36.46,2.12
142,201975,9.31,2.57,1.63,0.2,0.62,0.45,0.78,1.13,22.06,0.98
143,203925,8.07,2.93,1.4,0.26,0.54,0.43,0.79,1.19,22.2,0.88
144,204060,10.19,2.95,4.33,0.23,0.98,0.43,0.8,1.49,29.71,1.71
145,203954,21.82,9.27,2.71,1.46,0.82,0.48,0.79,0.42,35.81,2.52
146,203089,7.99,7.38,0.94,1.36,0.68,0.53,0.56,0.0,25.51,1.18
147,202322,18.24,3.85,8.81,0.29,1.39,0.45,0.8,1.1,36.6,3.09
148,201973,6.72,3.12,1.04,0.34,0.42,0.43,0.79,0.89,19.5,0.68
149,202685,10.11,7.21,1.09,1.04,0.52,0.51,0.72,0.07,24.04,1.27
150,203613,14.97,3.33,2.88,0.24,0.89,0.44,0.82,1.11,31.97,1.85
151,203903,13.16,2.45,3.28,0.12,0.78,0.43,0.81,1.26,26.89,1.63
152,101181,6.44,1.69,2.66,0.11,0.64,0.42,0.81,0.74,17.61,1.2
153,1626196,11.58,3.27,2.58,0.27,1.03,0.45,0.77,1.18,27.88,1.15
154,201950,16.8,4.21,5.62,0.35,1.34,0.46,0.81,1.29,34.69,2.46
155,1627823,3.71,1.84,0.54,0.16,0.34,0.42,0.74,0.51,11.67,0.45
156,203944,14.28,6.27,1.94,0.6,0.68,0.48,0.74,0.09,30.87,2.1
157,1626147,6.41,2.74,0.79,0.31,0.49,0.41,0.77,0.88,17.18,0.61
158,203200,11.77,3.68,2.47,0.29,1.31,0.41,0.79,1.67,31.31,1.45
159,1626159,10.12,3.65,2.17,0.42,0.71,0.45,0.76,0.97,24.02,1.27
160,203994,12.35,7.55,1.51,1.46,0.74,0.5,0.71,0.0,28.1,1.48
161,1626157,19.36,9.25,2.79,1.14,1.0,0.48,0.75,1.08,35.48,2.03
162,203482,12.07,4.99,1.75,0.35,0.81,0.45,0.8,1.17,27.3,1.44
163,1626162,11.8,4.41,1.82,0.46,0.93,0.43,0.78,1.46,27.63,1.2
164,202689,21.47,3.92,5.26,0.25,1.01,0.44,0.86,2.34,35.59,2.32
165,202702,6.71,5.12,0.72,0.6,0.5,0.48,0.69,0.0,19.25,1.08
166,203145,10.47,3.1,3.09,0.34,1.22,0.41,0.78,0.83,28.34,1.66
167,203484,12.16,4.03,2.48,0.31,1.4,0.42,0.77,1.57,30.37,1.45
168,201142,25.89,6.46,5.29,0.9,1.09,0.47,0.86,2.18,36.27,2.82
169,201567,16.01,8.32,1.84,0.61,0.75,0.45,0.83,1.68,31.07,1.63
170,1626172,4.01,3.13,0.62,0.73,0.4,0.51,0.6,0.09,13.55,0.52
171,203114,19.52,4.64,4.82,0.39,1.35,0.45,0.82,1.66,35.61,2.25
172,202691,18.06,3.57,2.53,0.4,0.87,0.45,0.84,2.49,32.8,1.58
173,201585,5.57,5.05,0.86,0.59,0.47,0.51,0.64,0.06,17.84,0.75
174,1627739,13.9,3.36,6.07,0.36,1.35,0.45,0.82,0.95,30.54,2.14
175,203937,8.11,4.44,1.96,0.48,1.16,0.43,0.71,0.29,24.84,1.22
176,2594,7.28,2.27,1.4,0.16,0.51,0.42,0.86,1.34,20.09,0.75
177,200768,13.74,3.67,5.22,0.17,1.05,0.41,0.81,1.56,33.14,2.04
178,203124,7.23,6.19,1.2,1.29,0.59,0.49,0.68,0.03,22.08,1.27
179,202681,20.8,3.93,5.2,0.24,1.05,0.45,0.84,2.01,35.38,2.24
180,200746,20.18,8.46,2.3,1.15,0.74,0.49,0.82,0.25,34.73,1.86
181,202362,9.01,3.97,2.61,0.22,0.64,0.44,0.76,0.7,25.13,1.57
182,202498,3.83,2.08,0.58,0.22,0.44,0.41,0.75,0.47,14.65,0.47
183,204038,6.46,2.06,0.96,0.15,0.59,0.39,0.8,1.04,17.95,0.69
184,1626204,8.71,6.15,1.1,0.67,0.89,0.53,0.66,0.08,24.0,0.96
185,2544,26.96,7.56,6.98,0.76,1.49,0.52,0.74,1.51,37.53,3.5
186,101150,21.79,3.17,4.79,0.19,1.06,0.45,0.85,1.91,34.38,2.45
187,201601,6.56,3.11,1.7,0.34,0.81,0.42,0.68,0.89,22.8,0.94
188,1627781,3.5,1.2,0.6,0.2,0.5,0.37,0.0,0.6,11.2,0.3
189,1627763,11.43,2.74,2.32,0.17,0.83,0.43,0.79,1.33,27.18,1.29
190,1627736,3.3,1.07,0.71,0.09,0.38,0.4,0.78,0.38,11.54,0.5
191,201188,14.72,7.01,3.48,1.07,0.86,0.44,0.74,0.85,32.62,2.26
192,101162,8.02,6.19,0.7,0.8,0.51,0.53,0.68,0.0,24.03,0.99
193,201158,10.83,2.46,2.01,0.15,0.8,0.42,0.83,1.38,24.0,1.1
194,202694,9.57,3.53,1.29,0.29,0.6,0.41,0.79,1.31,22.98,1.02
195,203935,9.34,2.47,4.07,0.22,1.15,0.42,0.77,0.84,25.39,1.74
196,1626209,9.69,3.2,2.31,0.27,0.87,0.45,0.81,1.18,24.27,1.31
197,202693,11.56,4.94,1.94,0.4,0.73,0.44,0.79,0.88,29.24,1.28
198,1627737,6.89,4.0,1.57,0.71,0.63,0.44,0.71,0.69,19.13,1.06
199,101107,8.08,3.92,1.2,0.44,0.74,0.42,0.78,1.36,24.96,0.77
200,203486,7.0,5.0,1.1,1.14,0.61,0.5,0.63,0.0,21.98,1.29
201,203521,5.58,1.89,3.31,0.12,0.64,0.42,0.83,0.65,19.42,1.39
202,203090,8.53,4.36,1.61,0.44,0.92,0.45,0.73,0.9,26.07,0.96
203,203086,3.94,1.57,0.5,0.22,0.28,0.45,0.77,0.38,10.84,0.56
204,201563,12.23,5.09,1.55,0.55,0.83,0.45,0.77,0.46,26.48,1.54
205,203487,10.06,3.06,2.61,0.39,0.86,0.45,0.77,0.93,24.44,1.42
206,203077,7.28,3.5,0.96,0.44,0.53,0.46,0.72,0.02,20.49,1.02
207,201144,16.61,2.88,3.72,0.18,0.89,0.42,0.86,1.68,30.87,1.92
208,203488,9.31,4.03,1.57,0.51,0.72,0.42,0.77,1.28,25.48,0.99
209,203118,6.54,2.44,0.93,0.15,0.31,0.44,0.82,0.78,17.85,0.68
210,203101,3.42,2.71,0.58,0.45,0.27,0.44,0.63,0.04,12.55,0.59
211,1626149,7.52,3.57,0.71,0.51,0.36,0.52,0.74,0.05,14.91,0.8
212,1626167,12.97,6.12,1.27,1.45,0.59,0.47,0.74,0.81,28.62,1.28
213,202357,8.8,3.19,1.6,0.39,0.76,0.44,0.74,1.29,24.31,0.86
214,2403,6.44,3.02,0.75,0.3,0.54,0.46,0.77,0.11,16.15,0.78
215,203457,2.93,3.0,0.44,0.46,0.37,0.49,0.55,0.0,11.64,0.56
216,201156,7.71,2.01,1.12,0.11,0.6,0.41,0.82,1.31,19.61,0.66
217,201587,10.82,2.84,3.62,0.28,1.02,0.44,0.79,1.09,26.99,1.43
218,203917,4.7,1.76,1.05,0.17,0.38,0.39,0.72,0.63,15.4,0.68
219,203999,15.07,8.09,3.51,1.04,1.22,0.46,0.73,0.89,34.29,2.24
220,202703,14.87,5.05,1.76,0.56,0.88,0.46,0.79,1.72,32.65,1.4
221,202696,13.27,6.48,2.84,1.15,0.76,0.46,0.75,1.09,30.27,1.49
222,203943,6.55,4.56,1.01,0.41,0.54,0.47,0.72,0.31,18.29,0.78
223,1626181,7.5,2.0,2.05,0.15,0.58,0.42,0.8,1.06,19.68,1.06
224,201956,5.7,3.54,0.72,0.43,0.46,0.45,0.73,0.19,16.39,0.58
225,203490,14.23,4.73,2.36,0.4,1.24,0.45,0.79,1.55,30.47,1.51
226,200782,6.14,3.51,1.31,0.36,0.75,0.41,0.73,1.07,23.94,0.74
227,1627783,6.17,3.12,1.91,0.38,0.72,0.44,0.79,0.61,20.32,0.89
228,1626192,4.96,2.06,0.92,0.14,0.39,0.42,0.7,0.73,15.18,0.65
229,201976,8.96,3.29,2.67,0.32,1.24,0.4,0.74,1.08,27.55,1.33
230,1627775,4.65,1.92,1.32,0.16,0.81,0.41,0.76,0.48,16.52,0.74
231,202335,4.73,2.39,0.9,0.23,0.62,0.41,0.75,0.53,16.19,0.62
232,201988,6.89,2.05,2.1,0.12,0.7,0.4,0.79,0.98,22.11,1.02
233,2200,11.63,8.04,2.37,1.12,0.56,0.48,0.74,0.55,27.24,1.61
234,202331,18.15,4.79,4.35,0.39,1.3,0.42,0.81,2.39,34.59,2.24
235,200794,15.3,6.26,1.82,1.02,0.84,0.46,0.74,1.0,31.16,1.68
236,203112,4.7,2.16,0.65,0.2,0.37,0.41,0.74,0.9,15.68,0.53
237,1626188,8.86,2.47,1.95,0.11,0.51,0.42,0.84,1.14,22.23,1.21
238,200765,7.82,3.03,6.69,0.1,0.97,0.44,0.82,0.73,26.52,1.98
239,203526,8.08,1.75,2.92,0.07,0.55,0.46,0.71,0.78,17.63,1.24
240,101109,6.58,1.66,1.92,0.08,0.61,0.39,0.84,0.88,17.63,0.93
241,203493,9.73,2.65,1.24,0.24,0.74,0.43,0.86,1.56,23.29,0.92
242,202704,13.24,2.68,4.21,0.11,0.66,0.43,0.83,1.25,28.16,1.98
243,1626158,4.35,3.2,0.63,0.44,0.28,0.47,0.74,0.02,13.44,0.61
244,201937,12.04,3.0,4.87,0.2,1.09,0.44,0.84,1.18,28.68,2.2
245,203496,9.63,4.03,1.94,0.42,1.27,0.42,0.72,1.41,27.48,1.15
246,201577,8.43,5.65,1.19,0.95,0.54,0.48,0.72,0.08,23.03,1.12
247,203918,14.53,2.59,2.09,0.15,0.87,0.44,0.86,1.92,27.57,1.36
248,203585,5.21,2.11,0.92,0.2,0.4,0.44,0.72,0.69,18.89,0.57
249,1627758,3.42,1.4,1.56,0.14,0.69,0.43,0.77,0.37,13.33,0.54
250,1626178,14.19,6.45,2.44,0.87,1.09,0.48,0.73,0.24,31.76,1.94
251,200752,13.03,5.5,1.54,0.5,0.78,0.46,0.8,0.62,28.62,1.43
252,203497,13.6,10.38,1.07,2.61,0.64,0.53,0.68,0.0,33.84,1.97
253,201566,26.46,7.29,8.09,0.5,1.6,0.49,0.77,1.61,36.79,3.84
254,201583,5.09,2.38,0.74,0.26,0.48,0.38,0.71,0.83,16.75,0.59
255,1626257,5.04,4.44,0.48,1.33,0.4,0.52,0.62,0.0,17.49,0.77
256,1626155,6.74,3.7,1.11,0.29,0.56,0.46,0.79,0.63,19.8,0.85
257,201586,11.1,5.45,1.17,1.02,0.57,0.44,0.8,1.3,26.05,1.01
258,203894,9.38,2.87,2.63,0.21,0.97,0.41,0.75,1.0,21.73,1.34
259,2733,5.37,1.94,1.69,0.28,0.51,0.47,0.74,0.07,16.98,0.88
260,202714,7.18,2.15,3.79,0.08,0.77,0.43,0.79,0.58,22.52,1.4
261,1627746,8.25,4.79,0.84,0.69,0.42,0.45,0.72,0.36,19.6,1.0
262,203524,3.37,1.93,1.4,0.12,0.71,0.36,0.7,0.45,15.16,0.6
263,203915,13.15,2.91,4.61,0.18,1.1,0.41,0.84,1.4,29.71,1.89
264,1626169,11.47,4.41,2.89,0.32,1.15,0.44,0.7,1.27,31.28,1.41
265,201939,24.22,4.54,5.61,0.29,1.42,0.45,0.87,2.96,36.92,2.87
266,203500,12.84,9.07,1.26,1.17,0.82,0.51,0.62,0.0,31.44,1.53
267,204456,5.73,2.25,4.0,0.11,1.08,0.41,0.78,0.23,20.82,1.4
268,203933,16.28,5.86,1.95,0.58,0.73,0.47,0.79,0.4,32.02,1.66
269,201959,9.4,6.93,1.52,0.92,0.83,0.48,0.67,0.04,28.98,1.19
270,1627752,10.83,3.28,2.18,0.38,0.79,0.42,0.76,1.23,28.05,1.26
271,203082,9.0,3.18,1.85,0.43,0.91,0.41,0.76,1.47,27.96,1.05
272,1626179,11.51,3.75,2.24,0.22,0.99,0.44,0.8,1.32,29.3,1.25
273,200757,9.35,4.03,1.71,0.39,1.09,0.42,0.77,1.17,24.36,0.99
274,201152,11.09,6.06,1.67,0.48,1.16,0.48,0.74,0.71,28.84,1.16
275,1627748,8.78,4.54,1.03,0.84,0.69,0.47,0.73,0.52,21.92,0.83
276,204025,3.91,1.64,2.69,0.09,0.92,0.4,0.76,0.3,15.76,1.03
277,203501,14.81,3.64,2.74,0.25,0.96,0.44,0.79,1.95,31.26,1.62
278,1627789,7.19,2.11,1.39,0.12,0.44,0.43,0.87,0.8,19.63,1.1
279,202699,14.42,4.06,2.5,0.25,0.84,0.44,0.78,1.72,29.97,1.39
280,203107,5.76,2.3,2.22,0.17,0.57,0.42,0.73,0.36,19.8,0.88
281,2225,5.45,1.61,2.38,0.03,0.47,0.43,0.76,0.28,17.09,1.03
282,203503,5.44,2.45,1.0,0.25,0.63,0.42,0.69,0.8,22.05,0.74
283,1626203,4.72,1.76,1.72,0.1,0.6,0.38,0.86,0.56,16.13,0.85
284,2772,11.76,3.69,2.15,0.22,1.21,0.4,0.81,2.36,31.64,1.08
285,203504,11.49,2.25,4.18,0.11,0.69,0.44,0.85,0.91,25.35,1.61
286,1626168,8.48,4.44,1.58,0.44,0.63,0.43,0.79,0.78,21.35,1.05
287,202684,5.93,4.61,0.69,0.51,0.39,0.48,0.65,0.09,17.85,0.85
288,203584,7.62,2.05,1.12,0.14,0.47,0.4,0.84,1.52,20.04,0.71
289,1627786,9.1,4.07,1.5,0.44,1.08,0.48,0.73,0.89,25.15,1.1
290,204020,10.03,3.29,1.49,0.27,0.79,0.43,0.81,1.47,24.02,0.95
291,1627755,6.4,1.86,3.78,0.13,0.74,0.44,0.79,0.38,20.43,1.22
292,203092,6.99,4.35,0.73,0.52,0.39,0.48,0.78,0.08,17.73,0.78
293,201936,15.37,3.59,4.21,0.34,1.17,0.42,0.81,1.53,33.09,1.82
294,2199,6.76,7.19,0.72,0.57,0.56,0.52,0.68,0.0,23.32,0.99
295,1626145,4.54,1.64,2.8,0.18,0.85,0.38,0.73,0.32,15.53,1.03
296,203506,20.34,4.59,5.21,0.33,1.54,0.44,0.82,2.25,35.47,2.48
297,1713,5.96,2.63,1.09,0.28,0.66,0.41,0.77,0.96,17.72,0.82
298,201961,7.24,2.21,0.95,0.12,0.54,0.39,0.85,1.37,19.65,0.61
299,1627782,8.36,2.25,1.99,0.18,0.64,0.42,0.79,0.89,21.24,1.25
300,202325,6.19,3.07,1.5,0.4,0.83,0.4,0.69,0.69,20.17,0.95
301,202083,11.87,3.25,2.45,0.26,1.07,0.42,0.8,1.8,31.44,1.23
302,203115,12.81,3.57,3.35,0.2,0.86,0.43,0.79,1.51,30.47,1.69
303,1626161,11.5,7.3,2.03,0.86,0.98,0.48,0.68,0.06,30.1,1.51
304,1626195,5.99,4.12,0.6,0.57,0.38,0.52,0.7,0.0,14.72,0.86
305,201163,11.46,4.99,1.59,0.45,0.8,0.45,0.81,1.06,29.17,1.15
306,1627812,9.28,2.82,2.07,0.29,0.71,0.4,0.72,1.56,25.59,0.92
307,203897,13.02,2.98,2.44,0.27,0.81,0.42,0.81,1.34,28.17,1.42
308,2585,4.71,3.38,0.79,0.25,0.44,0.46,0.75,0.0,15.2,0.8
