player_name,player_id,season_id,pts,min,fgm,fga,fg3m,fg3a,ftm,fta,oreb,dreb,ast,stl,tov,blk,fantasy_pts
LeBron James,2544,2018-19,26.96,37.53,9.93,18.99,1.51,4.28,5.58,7.59,1.11,6.45,6.98,1.49,3.5,0.76,29.17
Russell Westbrook,201566,2018-19,26.46,36.79,9.46,19.4,1.61,4.61,5.93,7.69,1.14,6.15,8.09,1.6,3.84,0.5,28.43
Giannis Antetokounmpo,203507,2018-19,25.86,36.7,9.63,19.32,0.65,2,5.95,7.78,2.17,7.67,4.16,1.4,2.86,1.49,28.36
Anthony Davis,203076,2018-19,24.99,35.26,9.41,18.02,0.44,1.4,5.72,7.45,2.29,7.81,2.28,1.15,2.17,1.95,27.98
James Harden,201935,2018-19,27.43,37.28,8.74,19.33,2.44,6.92,7.52,8.99,0.89,5.17,6.77,1.56,3.84,0.55,26.48
DeMarcus Cousins,202326,2018-19,26.47,38.35,9.12,19.57,1.74,4.98,6.5,8.54,1.28,6.45,5.73,1.57,3.49,0.85,26.38
Kevin Durant,201142,2018-19,25.89,36.27,8.97,19.11,2.18,5.87,5.78,6.74,0.82,5.64,5.29,1.09,2.82,0.9,25.71
Joel Embiid,203954,2018-19,21.82,35.81,7.87,16.33,0.42,1.22,5.68,7.17,2.17,7.09,2.71,0.82,2.52,1.46,23.61
Stephen Curry,201939,2018-19,24.22,36.92,8.24,18.12,2.96,7.3,4.79,5.52,0.87,3.67,5.61,1.42,2.87,0.29,22.59
Karl-Anthony Towns,1626157,2018-19,19.36,35.48,7.42,15.48,1.08,2.96,3.38,4.49,2.12,7.14,2.79,1,2.03,1.14,22.33
Andre Drummond,203083,2018-19,15.57,33.34,6.23,12.18,0.08,0.31,3.04,4.89,3.35,7.74,2.39,1.09,2.01,1.59,21.93
Dwight Howard,2730,2018-19,17.83,33.34,6.67,12.9,0.01,0.11,4.41,6.44,2.58,6.85,2.44,0.75,2.25,1.86,21.82
LaMarcus Aldridge,200746,2018-19,20.18,34.73,8.11,16.59,0.25,0.84,3.68,4.5,2.25,6.21,2.3,0.74,1.86,1.15,21.67
Devin Booker,1626164,2018-19,23.94,36.56,8.26,19.06,2.16,6.15,5.26,6.23,0.84,4.05,5.43,1.05,2.58,0.33,21.28
Damian Lillard,203081,2018-19,23.96,36.34,8,18.62,2.12,6.11,5.84,6.93,0.78,3.46,5.52,1.16,2.84,0.41,20.72
John Wall,202322,2018-19,18.24,36.6,6.57,14.56,1.1,3.26,4.03,5.04,0.64,3.21,8.81,1.39,3.09,0.29,20.48
Jimmy Butler,202710,2018-19,19.86,36.46,6.68,14.92,0.9,2.69,5.6,6.84,1.22,4.09,4.45,1.72,2.12,0.49,20.24
Rudy Gobert,203497,2018-19,13.6,33.84,5.09,9.68,0,0.02,3.41,5,3.01,7.38,1.07,0.64,1.97,2.61,20.16
Hassan Whiteside,202355,2018-19,15.11,32.03,6.05,11.37,0,0.03,3.03,4.11,2.75,6.15,1.73,0.72,1.75,1.51,19.82
Clint Capela,203991,2018-19,14.2,31.77,5.68,10.61,0,0.03,2.83,4.16,2.86,6.88,1.44,0.61,1.93,1.81,19.6
Victor Oladipo,203506,2018-19,20.34,35.47,7.13,16.33,2.25,5.89,3.83,4.66,0.78,3.81,5.21,1.54,2.48,0.33,19.5
Kemba Walker,202689,2018-19,21.47,35.59,7.51,17.11,2.34,6.23,4.12,4.81,0.6,3.32,5.26,1.01,2.32,0.25,19.29
Khris Middleton,203114,2018-19,19.52,35.61,7.02,15.56,1.66,4.52,3.81,4.65,0.77,3.87,4.82,1.35,2.25,0.39,19.08
Nikola Jokic,203999,2018-19,15.07,34.29,5.62,12.29,0.89,2.74,2.9,3.98,1.8,6.29,3.51,1.22,2.24,1.04,18.94
Kyrie Irving,202681,2018-19,20.8,35.38,7.62,17.08,2.01,5.39,3.6,4.27,0.73,3.2,5.2,1.05,2.24,0.24,18.85
Lou Williams,101150,2018-19,21.79,34.38,7.4,16.53,1.91,5.23,5.08,5.96,0.64,2.53,4.79,1.06,2.45,0.19,18.55
Kevin Love,201567,2018-19,16.01,31.07,5.54,12.32,1.68,4.41,3.29,3.96,1.79,6.53,1.84,0.75,1.63,0.61,18.45
Chris Paul,101108,2018-19,17.44,34.49,6.08,14.11,1.94,5.38,3.34,4.02,0.6,3.09,6.56,1.6,2.56,0.29,18.32
Draymond Green,203110,2018-19,11.51,32.67,4.23,9.57,1.07,3.2,1.99,2.66,1.2,5.47,6.34,1.51,2.64,0.83,18.21
Bradley Beal,203078,2018-19,19.78,35.18,7.26,16.34,1.85,5.09,3.44,4.09,0.74,3.12,4.7,1.08,2.14,0.29,17.84
Harrison Barnes,203084,2018-19,17.99,33.36,6.76,15.03,1.5,4.02,2.94,3.51,1.08,5.51,2.08,0.91,1.42,0.5,17.81
Dennis Schroder,203471,2018-19,18.97,33,7,15.42,1.18,3.32,3.81,4.61,0.66,2.7,5.93,1.04,2.47,0.17,17.79
DeMar DeRozan,201942,2018-19,20.98,34.63,7.23,16.35,1.11,3.26,5.4,6.51,0.83,3.31,3.59,1,2.09,0.25,17.64
Jrue Holiday,201950,2018-19,16.8,34.69,6.57,14.37,1.29,3.41,2.34,2.88,0.85,3.36,5.62,1.34,2.46,0.35,17.51
Paul George,202331,2018-19,18.15,34.59,6.32,14.99,2.39,6.26,3.14,3.9,0.85,3.94,4.35,1.3,2.24,0.39,17.32
DeAndre Jordan,201599,2018-19,9.77,29.19,3.86,6.92,0,0.02,2.06,3.37,3.18,6.96,1.4,0.62,1.68,1.25,17.14
Steven Adams,203500,2018-19,12.84,31.44,5.29,10.43,0,0.03,2.25,3.61,3.54,5.53,1.26,0.82,1.53,1.17,17.12
Blake Griffin,201933,2018-19,19.34,34.17,6.93,16.38,1.5,4.28,4.01,5.01,0.8,3.91,4.19,0.98,2.18,0.38,16.98
Marc Gasol,201188,2018-19,14.72,32.62,5.53,12.6,0.85,2.65,2.82,3.81,1.48,5.53,3.48,0.86,2.26,1.07,16.81
Aaron Gordon,203932,2018-19,16.06,33.94,5.96,13.51,1.4,3.96,2.8,3.61,1.62,5.13,1.99,0.91,1.58,0.71,16.49
Pau Gasol,2200,2018-19,11.63,27.24,4.59,9.56,0.55,1.49,1.91,2.58,1.83,6.21,2.37,0.56,1.61,1.12,16.46
CJ McCollum,203468,2018-19,19.37,34.72,7.33,16.43,2.31,5.8,2.42,2.85,0.76,3.36,2.76,0.89,1.69,0.43,16.36
Nikola Vucevic,202696,2018-19,13.27,30.27,5.28,11.46,1.09,3.16,1.67,2.22,1.33,5.15,2.84,0.76,1.49,1.15,16.27
Eric Bledsoe,202339,2018-19,15.82,32.95,5.6,12.96,1.43,3.89,3.2,3.82,0.56,3.01,5.19,1.37,2.12,0.36,16.2
Jusuf Nurkic,203994,2018-19,12.35,28.1,4.98,10.04,0,0.05,2.4,3.36,2.27,5.27,1.51,0.74,1.48,1.46,16.1
Rondae Hollis-Jefferson,1626178,2018-19,14.19,31.76,5.43,11.29,0.24,0.74,3.12,4.29,1.72,4.72,2.44,1.09,1.94,0.87,16.06
Kris Dunn,1627739,2018-19,13.9,30.54,5.39,11.98,0.95,2.73,2.15,2.63,0.54,2.82,6.07,1.35,2.14,0.36,15.83
Paul Millsap,200794,2018-19,15.3,31.16,5.87,12.84,1,3.01,2.5,3.36,1.4,4.86,1.82,0.84,1.68,1.02,15.73
TJ Warren,203933,2018-19,16.28,32.02,6.52,13.99,0.4,1.27,2.83,3.59,1.61,4.25,1.95,0.73,1.66,0.58,15.51
Al Horford,201143,2018-19,12.34,30.25,4.86,10.36,1.13,3.08,1.47,1.93,1.22,4.58,3.25,0.65,1.61,1.03,15.5
Klay Thompson,202691,2018-19,18.06,32.8,6.65,14.86,2.49,6.08,2.28,2.73,0.52,3.06,2.53,0.87,1.58,0.4,15.21
Willie Cauley-Stein,1626161,2018-19,11.5,30.1,4.88,10.14,0.06,0.23,1.65,2.41,1.72,5.57,2.03,0.98,1.51,0.86,15.14
Andrew Wiggins,203952,2018-19,15.88,32.16,5.99,13.26,1.34,3.56,2.63,3.28,1.11,3.89,2.34,0.92,1.6,0.4,15.01
Jeff Teague,201952,2018-19,13.78,32.3,4.92,11.4,1.15,3.31,2.83,3.33,0.4,2.5,6.23,1.21,2.58,0.28,14.83
Elfrid Payton,203901,2018-19,13.7,30.85,5.31,12.05,0.73,2.25,2.35,3.08,0.86,3.11,5.3,1.23,2.28,0.32,14.78
Myles Turner,1626167,2018-19,12.97,28.62,5,10.62,0.81,2.3,2.17,2.92,1.59,4.53,1.27,0.59,1.28,1.45,14.76
Derrick Favors,202324,2018-19,11.51,27.96,4.6,9.21,0.16,0.5,2.09,2.96,2.02,4.6,1.49,0.85,1.38,1.15,14.75
Domantas Sabonis,1627734,2018-19,12.81,27.99,5.16,10.68,0.03,0.18,2.51,3.23,2.36,4.84,1.31,0.73,1.7,0.62,14.74
Enes Kanter,202683,2018-19,11.48,26.89,4.74,9.4,0,0.05,1.98,2.94,2.62,5.39,1.14,0.61,1.48,0.56,14.69
Tyreke Evans,201936,2018-19,15.37,33.09,5.57,13.12,1.53,4.21,2.7,3.32,0.6,2.99,4.21,1.17,1.82,0.34,14.68
Julius Randle,203944,2018-19,14.28,30.87,5.67,11.77,0.09,0.3,2.89,3.93,1.93,4.34,1.94,0.68,2.1,0.6,14.53
Otto Porter Jr.,203490,2018-19,14.23,30.47,5.35,11.78,1.55,4.06,1.92,2.42,0.82,3.91,2.36,1.24,1.51,0.4,14.52
Nikola Mirotic,202703,2018-19,14.87,32.65,5.7,12.49,1.72,4.65,1.77,2.25,1.16,3.89,1.76,0.88,1.4,0.56,14.45
Goran Dragic,201609,2018-19,16.35,32.28,6.09,13.58,1.33,3.51,2.88,3.48,0.73,2.69,3.83,0.81,2.05,0.15,14.42
Brandon Ingram,1627742,2018-19,16.19,32.67,6.1,13.58,0.86,2.45,3.13,3.97,0.96,3.23,3.09,0.86,2.04,0.45,14.41
Greg Monroe,202328,2018-19,9.93,24.3,3.99,7.79,0.07,0.24,1.89,2.55,2.23,4.91,1.76,0.76,1.44,0.58,14.27
Mike Conley,201144,2018-19,16.61,30.87,5.46,12.93,1.68,4.66,4.02,4.69,0.48,2.41,3.72,0.89,1.92,0.18,14.24
Kyle Lowry,200768,2018-19,13.74,33.14,4.91,12,1.56,4.31,2.39,2.96,0.69,2.97,5.22,1.05,2.04,0.17,14.14
Jonas Valanciunas,202685,2018-19,10.11,24.04,4.12,8.09,0.07,0.19,1.79,2.49,2.34,4.87,1.09,0.52,1.27,1.04,14.02
Gary Harris,203914,2018-19,15.93,32.68,5.97,14.02,1.71,4.42,2.27,2.89,0.95,3.25,2.67,1.21,1.67,0.3,13.98
Danilo Gallinari,201568,2018-19,15.26,31.8,5.45,12.7,1.28,3.98,3.06,3.54,0.66,3.97,2.08,0.66,1.43,0.46,13.94
Thaddeus Young,201152,2018-19,11.09,28.84,4.6,9.61,0.71,2.04,1.17,1.59,1.63,4.43,1.67,1.16,1.16,0.48,13.86
Ersan Ilyasova,101141,2018-19,11.72,28.11,4.25,9.63,1.33,3.7,1.9,2.47,1.46,4.76,1.68,0.76,1.16,0.46,13.74
Eric Gordon,201569,2018-19,15.74,31.98,5.47,12.04,2.07,5.27,2.71,3.17,0.52,2.33,2.43,0.89,1.5,0.21,13.59
Dario Saric,203967,2018-19,13.38,31.38,5.04,11.23,1.22,3.27,2.12,2.64,1.08,3.96,2.21,0.71,1.5,0.39,13.51
Rudy Gay,200752,2018-19,13.03,28.62,4.94,10.8,0.62,2.05,2.55,3.18,1.29,4.21,1.54,0.78,1.43,0.5,13.43
JaMychal Green,203210,2018-19,10.65,27.52,4.12,9.04,0.59,1.64,1.87,2.39,1.84,4.9,1.54,0.72,1.28,0.5,13.43
Taj Gibson,201959,2018-19,9.4,28.98,4.02,8.39,0.04,0.14,1.3,1.95,2.06,4.87,1.52,0.83,1.19,0.92,13.38
Jaylen Brown,1627759,2018-19,14.12,30.61,5.18,12.02,1.61,4.35,2.17,2.78,0.89,3.7,2.16,0.88,1.36,0.43,13.36
DeMarre Carroll,201960,2018-19,12.62,30.37,4.57,10.19,1.27,3.42,2.21,2.74,1.11,3.92,1.82,0.9,1.41,0.54,13.36
Courtney Lee,201584,2018-19,13.29,30.65,4.9,10.27,1.52,3.84,2.02,2.51,0.54,2.44,2.8,1.1,1.26,0.26,13.3
Tobias Harris,202699,2018-19,14.42,29.97,5.37,12.2,1.72,4.31,2,2.57,0.68,3.38,2.5,0.84,1.39,0.25,13.29
Tim Hardaway Jr.,203501,2018-19,14.81,31.26,5.4,12.4,1.95,4.8,2.08,2.64,0.54,3.11,2.74,0.96,1.62,0.25,13.23
John Henson,203089,2018-19,7.99,25.51,3.36,6.33,0,0.04,1.26,2.23,2.55,4.83,0.94,0.68,1.18,1.36,13.22
Ricky Rubio,201937,2018-19,12.04,28.68,4.27,9.62,1.18,3.2,2.37,2.83,0.43,2.57,4.87,1.09,2.2,0.2,13.19
JJ Redick,200755,2018-19,15.37,30.79,5.6,12.4,1.81,4.48,2.35,2.74,0.43,2.44,2.55,0.83,1.48,0.18,13.14
Carmelo Anthony,2546,2018-19,13.61,30.07,5.09,11.39,1.62,4.33,1.79,2.29,0.77,3.86,1.89,0.7,1.27,0.32,13.08
Spencer Dinwiddie,203915,2018-19,13.15,29.71,4.53,11,1.4,3.77,2.68,3.21,0.54,2.37,4.61,1.1,1.89,0.18,13.07
Bobby Portis,1626171,2018-19,11.96,25.19,4.62,10.47,0.95,2.74,1.76,2.3,1.84,4.22,1.44,0.66,1.33,0.4,12.81
Caris LeVert,1627747,2018-19,11.69,29.29,4.34,9.59,1,2.58,2.01,2.5,0.52,2.67,3.97,1.16,1.77,0.27,12.77
Evan Fournier,203095,2018-19,14.7,29.7,5.31,12.44,1.93,4.99,2.18,2.72,0.51,2.9,2.9,0.8,1.64,0.25,12.75
Serge Ibaka,201586,2018-19,11.1,26.05,4.24,9.52,1.3,3.52,1.35,1.7,1.04,4.42,1.17,0.57,1.01,1.02,12.67
Jonathon Simmons,203613,2018-19,14.97,31.97,5.57,12.76,1.11,3.16,2.75,3.37,0.6,2.72,2.88,0.89,1.85,0.24,12.64
Larry Nance Jr.,1626204,2018-19,8.71,24,3.56,6.76,0.08,0.3,1.49,2.25,2.09,4.07,1.1,0.89,0.96,0.67,12.61
Stanley Johnson,1626169,2018-19,11.47,31.28,4.43,10.1,1.27,3.46,1.4,2,0.91,3.51,2.89,1.15,1.41,0.32,12.56
Rajon Rondo,200765,2018-19,7.82,26.52,3,6.86,0.73,2,1.1,1.35,0.53,2.5,6.69,0.97,1.98,0.1,12.52
Alex Len,203458,2018-19,8.35,23.28,3.2,6.22,0,0.03,1.94,2.96,2.46,4.41,0.74,0.54,1.24,1.29,12.52
James Johnson,201949,2018-19,10.52,28.15,4.11,8.84,0.61,1.79,1.69,2.19,1.07,3.54,2.65,0.94,1.45,0.48,12.49
Wilson Chandler,201163,2018-19,11.46,29.17,4.3,9.52,1.06,2.95,1.85,2.28,1.18,3.81,1.59,0.8,1.15,0.45,12.48
Kelly Olynyk,203482,2018-19,12.07,27.3,4.52,10.13,1.17,3.22,1.9,2.39,1.31,3.67,1.75,0.81,1.44,0.35,12.44
Kentavious Caldwell-Pope,203484,2018-19,12.16,30.37,4.42,10.43,1.57,4.25,1.74,2.25,0.72,3.31,2.48,1.4,1.45,0.31,12.4
Markieff Morris,202693,2018-19,11.56,29.24,4.35,9.8,0.88,2.57,1.98,2.52,1.28,3.66,1.94,0.73,1.28,0.4,12.3
Michael Beasley,201563,2018-19,12.23,26.48,4.78,10.64,0.46,1.49,2.17,2.83,1.28,3.81,1.55,0.83,1.54,0.55,12.21
Will Barton,203115,2018-19,12.81,30.47,4.78,11.2,1.51,4.15,1.82,2.3,0.57,3,3.35,0.86,1.69,0.2,12.2
Kelly Oubre Jr.,1626162,2018-19,11.8,27.63,4.14,9.66,1.46,4.11,1.96,2.51,0.84,3.57,1.82,0.93,1.2,0.46,12.15
Austin Rivers,203085,2018-19,13.69,31.23,4.97,11.73,1.84,5.02,1.89,2.34,0.46,2.25,3.35,0.92,1.55,0.25,12.14
Al-Farouq Aminu,202329,2018-19,9.78,27.98,3.57,8.19,1.41,3.88,1.24,1.68,1.1,4.29,1.75,0.95,1.14,0.45,12.12
Darren Collison,201954,2018-19,11.29,29.44,4.32,9.7,0.97,2.62,1.71,2.13,0.43,1.97,4.36,1.14,1.47,0.17,12.09
Avery Bradley,202340,2018-19,14.43,30.66,5.48,12.64,1.7,4.62,1.71,2.19,0.62,2.68,2.3,1.06,1.54,0.18,12.09
E'Twaun Moore,202734,2018-19,12.17,28.59,4.45,9.7,1.36,3.56,1.94,2.44,0.53,2.23,2.76,1.15,1.22,0.18,12.05
Reggie Jackson,202704,2018-19,13.24,28.16,4.99,11.61,1.25,3.44,2.03,2.45,0.49,2.19,4.21,0.66,1.98,0.11,11.87
Rodney Hood,203918,2018-19,14.53,27.57,5.25,12,1.92,5.11,2.1,2.45,0.51,2.08,2.09,0.87,1.36,0.15,11.78
Joe Ingles,204060,2018-19,10.19,29.71,3.68,8.64,1.49,3.91,1.31,1.63,0.42,2.53,4.33,0.98,1.71,0.23,11.68
Josh Richardson,1626196,2018-19,11.58,27.88,4.36,9.78,1.18,3.14,1.64,2.13,0.61,2.66,2.58,1.03,1.15,0.27,11.67
Tyson Chandler,2199,2018-19,6.76,23.32,2.7,5.19,0,0.02,1.36,2.02,2.36,4.83,0.72,0.56,0.99,0.57,11.66
Nicolas Batum,201587,2018-19,10.82,26.99,4.02,9.06,1.09,2.97,1.68,2.13,0.5,2.34,3.62,1.02,1.43,0.28,11.65
Marcin Gortat,101162,2018-19,8.02,24.03,3.27,6.23,0,0.07,1.42,2.08,2.2,3.99,0.7,0.51,0.99,0.8,11.63
J.J. Barea,200826,2018-19,10.76,27.21,4.08,9.7,1.51,3.97,1.09,1.41,0.33,2.25,5.15,0.71,1.77,0.06,11.56
Justin Holiday,203200,2018-19,11.77,31.31,4.13,10.16,1.67,4.69,1.88,2.38,0.57,3.11,2.47,1.31,1.45,0.29,11.53
Trevor Ariza,2772,2018-19,11.76,31.64,4.07,10.2,2.36,6.43,1.22,1.51,0.43,3.26,2.15,1.21,1.08,0.22,11.53
Terry Rozier,1626179,2018-19,11.51,29.3,4.27,9.79,1.32,3.49,1.65,2.07,0.64,3.11,2.24,0.99,1.25,0.22,11.53
Kyle O'Quinn,203124,2018-19,7.23,22.08,2.98,6.12,0.03,0.15,1.23,1.79,1.83,4.35,1.2,0.59,1.27,1.29,11.51
Buddy Hield,1627741,2018-19,12.29,30.44,4.54,10.81,1.56,4.38,1.61,1.97,0.69,2.77,2.21,1.25,1.38,0.27,11.47
Jamal Murray,1627750,2018-19,12.73,29.73,4.7,10.79,1.56,4.05,1.75,2.19,0.57,2.68,2.52,0.86,1.54,0.19,11.47
D'Angelo Russell,1626156,2018-19,12.65,27.63,4.66,11.14,1.45,4.05,1.9,2.26,0.45,2.46,3.63,0.87,2.01,0.2,11.4
Wesley Matthews,202083,2018-19,11.87,31.44,4.27,10.2,1.8,4.91,1.52,1.91,0.53,2.72,2.45,1.07,1.23,0.26,11.35
Robin Lopez,201577,2018-19,8.43,23.03,3.64,7.54,0.08,0.3,1.07,1.48,1.79,3.86,1.19,0.54,1.12,0.95,11.33
Andre Iguodala,2738,2018-19,8.1,26.66,3.08,6.72,0.76,2.31,1.18,1.6,0.71,3.16,3.28,0.86,1.2,0.48,11.32
Dewayne Dedmon,203473,2018-19,8.47,24.68,3.22,6.96,0.89,2.44,1.22,1.56,1.24,3.88,1.43,0.69,0.94,0.58,11.27
Dion Waiters,203079,2018-19,13.53,29.54,4.92,11.82,1.72,4.72,1.94,2.38,0.39,2.21,3.04,0.87,1.68,0.19,11.22
Zach LaVine,203897,2018-19,13.02,28.17,4.75,11.19,1.34,3.82,2.15,2.64,0.52,2.46,2.44,0.81,1.42,0.27,11.17
Dwight Powell,203939,2018-19,8.92,25.22,3.52,7.7,0.37,1.19,1.52,2.17,1.77,3.83,1.31,0.86,1.25,0.54,11.15
Trey Burke,203504,2018-19,11.49,25.35,4.35,9.98,0.91,2.58,1.89,2.22,0.39,1.87,4.18,0.69,1.61,0.11,11.14
Jordan Clarkson,203903,2018-19,13.16,26.89,5.03,11.78,1.26,3.74,1.83,2.27,0.55,1.91,3.28,0.78,1.63,0.12,10.99
Bojan Bogdanovic,202711,2018-19,12.52,28.14,4.57,10.36,1.58,4.29,1.79,2.16,0.45,2.6,1.94,0.74,1.3,0.16,10.95
Dirk Nowitzki,1717,2018-19,10.88,25.28,3.96,9.19,1.47,3.95,1.52,1.86,0.62,3.43,1.55,0.65,0.97,0.36,10.94
Andrew Harrison,1626150,2018-19,9.82,26.52,3.7,8.24,0.71,1.99,1.74,2.12,0.38,2.27,3.75,0.99,1.55,0.2,10.91
Troy Williams,1627786,2018-19,9.1,25.15,3.5,7.28,0.89,2.54,1.24,1.68,1.23,2.84,1.5,1.08,1.1,0.44,10.86
Fred VanVleet,1627832,2018-19,11.47,27.24,4.24,9.74,1.41,3.87,1.58,1.83,0.53,2.21,2.56,0.98,1.37,0.19,10.83
Robert Covington,203496,2018-19,9.63,27.48,3.56,8.54,1.41,4,1.11,1.53,0.83,3.19,1.94,1.27,1.15,0.42,10.73
Thon Maker,1627748,2018-19,8.78,21.92,3.27,6.97,0.52,1.67,1.75,2.39,1.31,3.23,1.03,0.69,0.83,0.84,10.7
Michael Carter-Williams,203487,2018-19,10.06,24.44,3.61,7.94,0.93,2.59,1.86,2.41,0.6,2.47,2.61,0.86,1.42,0.39,10.68
Kent Bazemore,203145,2018-19,10.47,28.34,3.75,9.06,0.83,2.33,2.15,2.76,0.7,2.4,3.09,1.22,1.66,0.34,10.63
Justise Winslow,1626159,2018-19,10.12,24.02,3.77,8.45,0.97,2.64,1.69,2.2,0.67,2.97,2.17,0.71,1.27,0.42,10.6
Thabo Sefolosha,200757,2018-19,9.35,24.36,3.41,8.05,1.17,3.41,1.35,1.76,0.85,3.18,1.71,1.09,0.99,0.39,10.54
Maurice Harkless,203090,2018-19,8.53,26.07,3.31,7.32,0.9,2.53,1,1.37,1.05,3.32,1.61,0.92,0.96,0.44,10.52
Emmanuel Mudiay,1626144,2018-19,10.24,25.42,3.78,8.84,1.08,2.89,1.6,1.96,0.35,2.27,3.7,0.81,1.62,0.13,10.47
Mario Hezonja,1626209,2018-19,9.69,24.27,3.54,7.91,1.18,3.04,1.42,1.76,0.57,2.64,2.31,0.87,1.31,0.27,10.32
Marcus Smart,203935,2018-19,9.34,25.39,3.45,8.25,0.84,2.49,1.55,2,0.4,2.07,4.07,1.15,1.74,0.22,10.26
Dwyane Wade,2548,2018-19,9.96,25.5,3.86,8.74,0.6,1.74,1.62,2.02,0.59,2.67,2.65,0.84,1.53,0.31,10.22
Cody Zeller,203469,2018-19,7.5,21.68,2.86,6,0.01,0.08,1.79,2.29,1.93,3.5,0.79,0.42,1.13,0.82,10.2
Kyle Anderson,203937,2018-19,8.11,24.84,3.09,7.16,0.29,1.03,1.64,2.31,1.21,3.23,1.96,1.16,1.22,0.48,10.19
Isaiah Thomas,202738,2018-19,11.67,25.78,4.18,9.93,1.24,3.37,2.13,2.63,0.4,1.72,3.74,0.69,1.92,0.1,10.16
Malcolm Brogdon,1627763,2018-19,11.43,27.18,4.33,10.06,1.33,3.62,1.43,1.8,0.46,2.28,2.32,0.83,1.29,0.17,10.1
Mike Muscala,203488,2018-19,9.31,25.48,3.36,8.05,1.28,3.39,1.27,1.66,0.95,3.08,1.57,0.72,0.99,0.51,10.07
Jabari Parker,203953,2018-19,10.65,24.99,4.11,9.47,0.84,2.38,1.56,2,0.92,2.48,1.99,0.7,1.2,0.32,10.07
Trey Lyles,1626168,2018-19,8.48,21.35,3.15,7.27,0.78,2.33,1.46,1.84,0.97,3.47,1.58,0.63,1.05,0.44,10.01
Lance Stephenson,202362,2018-19,9.01,25.13,3.58,8.14,0.7,2.12,1.17,1.54,0.78,3.19,2.61,0.64,1.57,0.22,9.96
Taurean Prince,1627752,2018-19,10.83,28.05,4.12,9.92,1.23,3.45,1.37,1.81,0.65,2.63,2.18,0.79,1.26,0.38,9.95
Mason Plumlee,203486,2018-19,7,21.98,2.87,5.74,0,0.01,1.29,2.04,1.71,3.29,1.1,0.61,1.29,1.14,9.94
Tyler Johnson,204020,2018-19,10.03,24.02,3.65,8.43,1.47,3.84,1.28,1.58,0.44,2.85,1.49,0.79,0.95,0.27,9.83
Patrick Beverley,201976,2018-19,8.96,27.55,3.35,8.27,1.08,3.13,1.17,1.58,0.8,2.5,2.67,1.24,1.33,0.32,9.81
Allen Crabbe,203459,2018-19,10.02,26.28,3.65,8.58,1.4,3.71,1.31,1.61,0.66,2.82,1.6,0.62,1.04,0.32,9.76
Delon Wright,1626153,2018-19,8.59,23.25,3.27,7.28,0.63,1.78,1.41,1.83,0.46,2.56,2.93,0.85,1.51,0.28,9.73
James Ennis III,203516,2018-19,8.7,24.82,3.26,7.38,1.06,3.01,1.11,1.46,0.95,2.74,1.41,0.76,0.86,0.43,9.65
Marco Belinelli,201158,2018-19,10.83,24,3.89,9.16,1.38,3.89,1.68,2.01,0.45,2.02,2.01,0.8,1.1,0.15,9.55
Jeff Green,201145,2018-19,9.93,24.59,3.65,8.19,0.7,1.9,1.93,2.37,0.83,2.39,1.55,0.59,1,0.19,9.48
Jerami Grant,203924,2018-19,8.47,19.7,3.28,6.69,0.46,1.31,1.48,2.15,1.16,2.92,0.81,0.49,0.87,0.58,9.48
Cory Joseph,202709,2018-19,7.96,24.2,3.08,7.04,0.92,2.6,0.93,1.22,0.51,2.79,2.72,0.71,1.2,0.22,9.45
Shabazz Napier,203894,2018-19,9.38,21.73,3.39,8.17,1,3.05,1.61,2.13,0.54,2.33,2.63,0.97,1.34,0.21,9.42
Terrence Ross,203082,2018-19,9,27.96,3.24,7.84,1.47,3.96,1.06,1.38,0.51,2.67,1.85,0.91,1.05,0.43,9.4
Skal Labissiere,1627746,2018-19,8.25,19.6,3.27,7.34,0.36,1.11,1.36,1.89,1.29,3.5,0.84,0.42,1,0.69,9.37
Nemanja Bjelica,202357,2018-19,8.8,24.31,3.29,7.51,1.29,3.25,0.91,1.23,0.63,2.56,1.6,0.76,0.86,0.39,9.34
Marvin Williams,101107,2018-19,8.08,24.96,2.94,7,1.36,3.66,0.88,1.13,0.66,3.26,1.2,0.74,0.77,0.44,9.31
David Nwaba,1628021,2018-19,7.91,23.69,2.88,6.42,0.21,0.7,1.98,2.76,1.32,2.96,1.35,0.79,1.14,0.38,9.24
Kosta Koufos,201585,2018-19,5.57,17.84,2.41,4.72,0.06,0.17,0.71,1.11,1.68,3.38,0.86,0.47,0.75,0.59,9.09
Marquese Chriss,1627737,2018-19,6.89,19.13,2.5,5.66,0.69,2.03,1.23,1.74,0.86,3.14,1.57,0.63,1.06,0.71,9.08
Marcus Morris,202694,2018-19,9.57,22.98,3.39,8.2,1.31,3.68,1.47,1.85,0.66,2.87,1.29,0.6,1.02,0.29,9.06
Kenneth Faried,202702,2018-19,6.71,19.25,2.72,5.7,0,0.01,1.26,1.82,1.87,3.25,0.72,0.5,1.08,0.6,9.03
Danny Green,201980,2018-19,7.83,24.95,2.85,6.88,1.38,3.63,0.8,0.97,0.65,2.67,1.45,0.88,0.91,0.57,8.94
Jakob Poeltl,1627751,2018-19,5.81,18.18,2.41,4.57,0.05,0.19,0.92,1.45,1.56,3.12,0.7,0.42,0.92,0.94,8.93
Noah Vonleh,203943,2018-19,6.55,18.29,2.61,5.59,0.31,1.06,1.02,1.41,1.38,3.18,1.01,0.54,0.78,0.41,8.92
Yogi Ferrell,1627812,2018-19,9.28,25.59,3.34,8.34,1.56,4.19,1,1.39,0.4,2.43,2.07,0.71,0.92,0.29,8.87
Tyler Zeller,203092,2018-19,6.99,17.73,2.96,6.16,0.08,0.22,0.98,1.26,1.46,2.89,0.73,0.39,0.78,0.52,8.71
Derrick Rose,201565,2018-19,10.87,24.87,4.24,9.64,0.46,1.47,1.95,2.47,0.68,1.68,1.95,0.75,1.53,0.19,8.69
Brook Lopez,201572,2018-19,9.2,21.67,3.35,8.22,1.07,3.1,1.39,1.77,0.97,2.7,0.96,0.45,0.86,0.51,8.68
Dante Exum,203957,2018-19,7.99,22.8,3.03,7.02,0.51,1.5,1.43,1.87,0.35,1.71,3.53,0.79,1.37,0.1,8.67
Jodie Meeks,201975,2018-19,9.31,22.06,3.49,7.84,1.13,3.11,1.2,1.54,0.49,2.08,1.63,0.62,0.98,0.2,8.65
Garrett Temple,202066,2018-19,8.89,26.75,3.33,7.78,1.11,3.01,1.13,1.4,0.45,2.13,1.98,0.82,1.12,0.23,8.65
Shelvin Mack,202714,2018-19,7.18,22.52,2.71,6.33,0.58,1.65,1.22,1.55,0.31,1.84,3.79,0.77,1.4,0.08,8.62
Reggie Bullock,203493,2018-19,9.73,23.29,3.65,8.57,1.56,4.03,0.9,1.04,0.35,2.31,1.24,0.74,0.92,0.24,8.62
CJ Miles,101139,2018-19,9.96,24.45,3.41,8.52,1.79,4.84,1.34,1.6,0.34,2.39,1.48,0.59,1.02,0.23,8.61
Frank Kaminsky,1626163,2018-19,10.46,22.57,3.75,8.75,1.27,3.33,1.7,2.04,0.49,2.2,1.2,0.57,1.08,0.11,8.61
Ish Smith,202397,2018-19,7.92,22.49,3.27,7.39,0.32,1.03,1.03,1.36,0.27,1.85,3.43,0.71,1.21,0.1,8.61
Montrezl Harrell,1626149,2018-19,7.52,14.91,2.99,5.75,0.05,0.19,1.49,2.01,1.24,2.34,0.71,0.36,0.8,0.51,8.61
George Hill,201588,2018-19,8.08,24.8,2.96,6.99,1.1,2.92,1.03,1.33,0.49,2.35,1.95,0.75,0.9,0.16,8.56
Jeremy Lamb,203087,2018-19,9.63,23.82,3.57,8.52,0.78,2.34,1.75,2.12,0.5,2.23,1.66,0.76,1.16,0.19,8.49
Salah Mejri,1626257,2018-19,5.04,17.49,2.03,3.89,0,0.01,1.01,1.62,1.47,2.96,0.48,0.4,0.77,1.33,8.46
Ivica Zubac,1627826,2018-19,6.38,17.67,2.53,4.79,0,0.02,1.29,1.97,1.63,2.77,0.6,0.36,0.85,0.49,8.44
Ed Davis,202334,2018-19,4.9,18.93,2.01,4.03,0.09,0.3,0.76,1.26,1.66,3.31,0.6,0.47,0.88,0.83,8.37
Jae Crowder,203109,2018-19,8.67,23.15,3.14,7.43,1.28,3.54,1.11,1.37,0.51,2.46,1.36,0.62,0.92,0.18,8.32
D.J. Augustin,201571,2018-19,8.88,21.88,3.07,7.42,1.04,2.78,1.7,2.06,0.3,1.4,2.96,0.58,1.2,0.09,8.3
Tyler Ulis,1627755,2018-19,6.4,20.43,2.52,5.66,0.38,1.04,1.01,1.27,0.33,1.54,3.78,0.74,1.22,0.13,8.29
Sam Dekker,1626155,2018-19,6.74,19.8,2.52,5.53,0.63,1.57,1.03,1.3,0.92,2.79,1.11,0.56,0.85,0.29,8.27
Bismack Biyombo,202687,2018-19,5.08,17.78,2.04,4.05,0.01,0.04,1.01,1.57,1.41,3.06,0.64,0.36,0.81,1.11,8.27
T.J. McConnell,204456,2018-19,5.73,20.82,2.31,5.62,0.23,0.8,0.86,1.1,0.41,1.85,4,1.08,1.4,0.11,8.22
Joe Harris,203925,2018-19,8.07,22.2,2.96,6.84,1.19,3.01,0.97,1.22,0.48,2.45,1.4,0.54,0.88,0.26,8.19
Pascal Siakam,1627783,2018-19,6.17,20.32,2.46,5.55,0.61,1.65,0.64,0.81,0.72,2.4,1.91,0.72,0.89,0.38,8.15
Willy Hernangomez,1626195,2018-19,5.99,14.72,2.28,4.34,0,0.01,1.45,2.06,1.46,2.66,0.6,0.38,0.86,0.57,8.12
Jarell Martin,1626185,2018-19,6.56,18.61,2.56,5.89,0.37,1.11,1.1,1.63,1.27,2.8,1.02,0.55,0.93,0.67,8.09
Tristan Thompson,202684,2018-19,5.93,17.85,2.46,5.14,0.09,0.35,0.97,1.49,1.64,2.97,0.69,0.39,0.85,0.51,8.07
Jerryd Bayless,201573,2018-19,7.79,23.68,2.84,6.64,1.07,2.9,1.03,1.3,0.54,2.03,1.68,0.84,1.01,0.25,8.05
Iman Shumpert,202697,2018-19,7.15,21.02,2.6,6.2,0.84,2.57,1.06,1.42,0.63,2.78,1.31,0.86,1.05,0.31,8.05
Raul Neto,203526,2018-19,8.08,17.63,3.21,6.93,0.78,2.07,0.94,1.32,0.3,1.45,2.92,0.55,1.24,0.07,8.03
Chandler Parsons,202718,2018-19,7.8,20.34,2.98,6.5,0.99,2.64,0.85,1.01,0.48,2.04,1.11,0.64,0.68,0.32,8.02
Danuel House,1627863,2018-19,7.73,19.74,2.83,6.37,0.99,2.71,1.1,1.53,0.5,2.39,1.34,0.58,0.88,0.34,8.02
Quinn Cook,1626188,2018-19,8.86,22.23,3.29,7.74,1.14,3.19,1.15,1.38,0.35,2.11,1.95,0.51,1.21,0.11,8
Cameron Payne,1626166,2018-19,7.91,23.51,3.03,7.41,0.88,2.61,0.96,1.23,0.42,2,2.66,0.79,1.25,0.1,7.98
Evan Turner,202323,2018-19,7.08,22.04,2.83,6.64,0.43,1.3,1.03,1.4,0.48,2.65,2.11,0.64,1.12,0.32,7.98
PJ Tucker,200782,2018-19,6.14,23.94,2.19,5.38,1.07,2.91,0.69,0.94,0.66,2.86,1.31,0.75,0.74,0.36,7.89
Luc Mbah a Moute,201601,2018-19,6.56,22.8,2.43,5.73,0.89,2.54,0.85,1.25,0.62,2.49,1.7,0.81,0.94,0.34,7.87
Jahlil Okafor,1626143,2018-19,6.75,17.94,2.81,6.03,0.05,0.17,1.08,1.4,1.16,2.72,0.74,0.33,0.88,0.53,7.82
Michael Kidd-Gilchrist,203077,2018-19,7.28,20.49,2.89,6.26,0.02,0.15,1.49,2.08,1.12,2.39,0.96,0.53,1.02,0.44,7.73
Corey Brewer,201147,2018-19,6.69,19.2,2.48,5.63,0.6,1.92,1.06,1.44,0.84,2.23,1.21,0.94,0.9,0.2,7.69
Devin Harris,2734,2018-19,7.65,20.08,2.68,6.28,0.95,2.54,1.4,1.71,0.3,1.52,2.23,0.6,1.06,0.14,7.47
Wayne Selden,1627782,2018-19,8.36,21.24,3.19,7.58,0.89,2.55,1.11,1.41,0.46,1.79,1.99,0.64,1.25,0.18,7.47
Deyonta Davis,1627738,2018-19,4.98,16.4,2.12,4.51,0.05,0.16,0.72,1.12,1.47,2.58,0.9,0.4,0.64,0.55,7.46
Ian Clark,203546,2018-19,7.51,19.86,2.93,6.47,1.02,2.7,0.61,0.76,0.49,1.78,1.24,0.49,0.64,0.26,7.44
Jonas Jerebko,201973,2018-19,6.72,19.5,2.48,5.76,0.89,2.48,0.87,1.1,0.72,2.4,1.04,0.42,0.68,0.34,7.44
JR Smith,2747,2018-19,6.99,24.38,2.63,6.14,1.19,3.06,0.6,0.74,0.28,2.03,1.73,0.61,0.8,0.18,7.39
Damian Jones,1627745,2018-19,5.27,17.32,2.14,4.4,0,0,0.97,1.53,1.56,2.52,0.63,0.31,0.7,0.56,7.33
Jamal Crawford,2037,2018-19,8.38,20.02,3.03,7.16,0.94,2.59,1.36,1.61,0.27,1.6,1.85,0.55,1.11,0.15,7.32
Jerian Grant,1626170,2018-19,6.54,19.97,2.39,5.64,0.41,1.28,1.38,1.79,0.32,1.39,2.89,0.75,1.1,0.08,7.23
Wesley Johnson,202325,2018-19,6.19,20.17,2.38,5.87,0.69,2.15,0.72,1.04,0.67,2.39,1.5,0.83,0.95,0.4,7.22
Dante Cunningham,201967,2018-19,5.81,18.76,2.26,5.01,0.6,1.6,0.69,0.97,0.82,2.65,0.98,0.46,0.75,0.27,7.21
Kyle Korver,2594,2018-19,7.28,20.09,2.51,6.05,1.34,3.33,0.88,1.02,0.29,1.98,1.4,0.51,0.75,0.16,7.21
Isaiah Canaan,203477,2018-19,6.9,20.08,2.44,6.3,0.77,2.15,1.26,1.61,0.33,1.57,2.98,0.68,1.17,0.13,7.19
Alec Burks,202692,2018-19,8.35,20.8,3.01,7.29,0.69,2.19,1.67,2.17,0.52,1.89,1.53,0.54,1.01,0.14,7.19
Dragan Bender,1627733,2018-19,6.58,21.84,2.46,6.08,1.01,2.84,0.61,0.84,0.5,2.45,1.19,0.6,0.84,0.51,7.14
Matthew Dellavedova,203521,2018-19,5.58,19.42,2.09,4.95,0.65,1.76,0.75,0.91,0.34,1.56,3.31,0.64,1.39,0.12,7.13
Gerald Green,101123,2018-19,8.4,21.07,3.01,7.55,1.48,4.03,0.88,1.08,0.38,1.9,1.03,0.6,0.74,0.28,7.12
Omri Casspi,201956,2018-19,5.7,16.39,2.22,4.97,0.19,0.69,1.06,1.47,1.03,2.51,0.72,0.46,0.58,0.43,7.12
Norman Powell,1626181,2018-19,7.5,19.68,2.89,6.85,1.06,2.79,0.71,0.88,0.33,1.67,2.05,0.58,1.06,0.15,7.09
Ian Mahinmi,101133,2018-19,5.05,16.97,1.93,4.06,0,0.02,1.19,1.85,1.47,2.51,0.69,0.52,0.98,0.55,7.02
Boban Marjanovic,1626246,2018-19,5.72,14.41,2.07,4.54,0.01,0.03,1.59,2.11,1.41,2.29,0.51,0.38,0.72,0.33,6.94
Nene,2403,2018-19,6.44,16.15,2.64,5.71,0.11,0.29,1.09,1.42,0.92,2.1,0.75,0.54,0.78,0.3,6.87
Patty Mills,201988,2018-19,6.89,22.11,2.52,6.24,0.98,2.62,0.89,1.13,0.3,1.75,2.1,0.7,1.02,0.12,6.86
Gorgui Dieng,203476,2018-19,4.85,15.93,1.9,3.92,0.14,0.36,0.92,1.23,0.97,2.03,0.84,0.59,0.51,0.37,6.8
Jose Calderon,101181,2018-19,6.44,17.61,2.44,5.77,0.74,1.98,0.87,1.08,0.29,1.4,2.66,0.64,1.2,0.11,6.78
Nick Young,201156,2018-19,7.71,19.61,2.75,6.71,1.31,3.43,0.9,1.1,0.35,1.67,1.12,0.6,0.66,0.11,6.73
Anthony Tolliver,201229,2018-19,7.18,18.15,2.58,6.06,1.03,2.67,1.01,1.22,0.42,1.9,0.95,0.46,0.7,0.19,6.71
DeAndre' Bembry,1627761,2018-19,5.62,18.36,2.14,5.16,0.36,1.24,0.98,1.32,0.51,1.76,2.17,0.79,1.07,0.2,6.61
Troy Daniels,203584,2018-19,7.62,20.04,2.63,6.55,1.52,3.92,0.83,0.99,0.24,1.81,1.12,0.47,0.71,0.14,6.61
Doug McDermott,203926,2018-19,6.67,18.6,2.52,5.61,0.89,2.27,0.74,0.89,0.41,2.02,0.89,0.28,0.62,0.18,6.6
Tomas Satoransky,203107,2018-19,5.76,19.8,2.38,5.72,0.36,1.13,0.68,0.94,0.62,1.68,2.22,0.57,0.88,0.17,6.55
Justin Anderson,1626147,2018-19,6.41,17.18,2.38,5.77,0.88,2.66,0.77,0.99,0.62,2.12,0.79,0.49,0.61,0.31,6.51
Vince Carter,1713,2018-19,5.96,17.72,2.22,5.47,0.96,2.63,0.61,0.8,0.47,2.16,1.09,0.66,0.82,0.28,6.37
Kevon Looney,1626172,2018-19,4.01,13.55,1.66,3.28,0.09,0.35,0.62,1.03,0.95,2.18,0.62,0.4,0.52,0.73,6.34
Ben McLemore,203463,2018-19,6.76,19.23,2.52,6.04,0.91,2.54,0.81,1.02,0.53,1.76,0.98,0.6,0.81,0.25,6.33
Wayne Ellington,201961,2018-19,7.24,19.65,2.56,6.55,1.37,3.71,0.75,0.89,0.31,1.9,0.95,0.54,0.61,0.12,6.32
Mike Scott,203118,2018-19,6.54,17.85,2.55,5.8,0.78,2.08,0.67,0.82,0.51,1.93,0.93,0.31,0.68,0.15,6.3
Aron Baynes,203382,2018-19,4.01,14.89,1.69,3.61,0.01,0.06,0.58,0.88,1.2,2.49,0.56,0.33,0.67,0.61,6.3
Timothe Luwawu-Cabarrot,1627789,2018-19,7.19,19.63,2.76,6.49,0.8,2.12,0.85,0.97,0.35,1.75,1.39,0.44,1.1,0.12,6.28
Zaza Pachulia,2585,2018-19,4.71,15.2,1.89,4.14,0,0.04,0.92,1.23,1.13,2.25,0.79,0.44,0.8,0.25,6.22
Shaun Livingston,2733,2018-19,5.37,16.98,2.24,4.73,0.07,0.25,0.84,1.13,0.42,1.52,1.69,0.51,0.88,0.28,6.12
Richaun Holmes,1626158,2018-19,4.35,13.44,1.7,3.64,0.02,0.02,0.9,1.23,1.25,1.95,0.63,0.28,0.61,0.44,6.03
Bryn Forbes,1627854,2018-19,6.4,18.14,2.36,5.62,0.86,2.34,0.84,0.98,0.36,1.72,1.03,0.43,0.67,0.15,6.02
Raymond Felton,101109,2018-19,6.58,17.63,2.49,6.31,0.88,2.47,0.74,0.88,0.31,1.35,1.92,0.61,0.93,0.08,5.95
Derrick Jones Jr.,1627884,2018-19,4.32,14.05,1.73,3.32,0,0.02,0.89,1.43,1.14,1.94,0.28,0.26,0.73,0.84,5.93
Tyus Jones,1626145,2018-19,4.54,15.53,1.71,4.46,0.32,1.14,0.79,1.08,0.45,1.19,2.8,0.85,1.03,0.18,5.93
Tony Snell,203503,2018-19,5.44,22.05,2.04,4.9,0.8,2.27,0.58,0.83,0.44,2,1,0.63,0.74,0.25,5.91
Davis Bertans,202722,2018-19,6.28,17.82,2.32,5.53,1.09,2.89,0.51,0.68,0.33,1.72,0.75,0.48,0.58,0.28,5.89
Tim Frazier,204025,2018-19,3.91,15.76,1.47,3.65,0.3,1.09,0.71,0.93,0.34,1.3,2.69,0.92,1.03,0.09,5.82
JaVale McGee,201580,2018-19,4.09,11.35,1.75,3.26,0,0.02,0.61,0.97,0.98,1.76,0.32,0.24,0.43,0.7,5.78
Tony Parker,2225,2018-19,5.45,17.09,2.28,5.29,0.28,0.83,0.61,0.81,0.29,1.33,2.38,0.47,1.03,0.03,5.72
Langston Galloway,204038,2018-19,6.46,17.95,2.34,5.97,1.04,2.91,0.76,0.96,0.39,1.67,0.96,0.59,0.69,0.15,5.72
Cristiano Felicio,1626245,2018-19,4.2,14.39,1.72,3.44,0,0.04,0.75,1.05,0.99,1.94,0.61,0.29,0.67,0.27,5.6
Gary Payton II,1627780,2018-19,4.81,15.4,1.88,3.96,0.47,1.29,0.55,0.76,0.58,1.52,0.93,0.58,0.67,0.11,5.58
Rodney McGruder,203585,2018-19,5.21,18.89,1.93,4.36,0.69,1.83,0.66,0.92,0.46,1.66,0.92,0.4,0.57,0.2,5.57
Jason Smith,201160,2018-19,4.7,12.74,1.92,4.05,0.22,0.65,0.65,0.86,0.71,1.66,0.72,0.38,0.64,0.34,5.53
Cheick Diallo,1627767,2018-19,3.92,12.53,1.57,3.34,0,0.04,0.76,1.04,0.9,2.18,0.46,0.27,0.67,0.47,5.48
Henry Ellenson,1627740,2018-19,5.43,14.39,2.01,4.56,0.66,1.73,0.75,0.88,0.4,1.5,1.01,0.45,0.73,0.1,5.47
Amir Johnson,101161,2018-19,3.33,13.59,1.39,3.03,0.03,0.12,0.51,0.86,1.12,2.01,0.77,0.46,0.6,0.38,5.47
Patrick Patterson,202335,2018-19,4.73,16.19,1.81,4.43,0.53,1.78,0.56,0.75,0.6,1.79,0.9,0.62,0.62,0.23,5.44
Glenn Robinson III,203922,2018-19,4.95,16.76,1.79,4.34,0.64,1.89,0.73,0.88,0.29,1.37,1.49,0.63,0.73,0.12,5.43
Andrew Bogut,101106,2018-19,2.24,13.35,0.92,2.08,0,0,0.44,0.79,1.14,2.42,0.72,0.23,0.84,1.02,5.42
Patrick McCaw,1627775,2018-19,4.65,16.52,1.69,4.15,0.48,1.58,0.78,1.02,0.37,1.55,1.32,0.81,0.74,0.16,5.41
Alex Abrines,203518,2018-19,5.5,17,1.88,4.59,1.07,2.8,0.67,0.84,0.37,1.36,0.99,0.48,0.57,0.11,5.36
Bruno Caboclo,203998,2018-19,4.79,13.21,1.84,3.98,0.57,1.46,0.53,0.8,0.72,1.73,0.61,0.33,0.54,0.14,5.36
Treveon Graham,1626203,2018-19,4.72,16.13,1.61,4.21,0.56,1.73,1.01,1.17,0.3,1.46,1.72,0.6,0.85,0.1,5.28
Dorian Finney-Smith,1627827,2018-19,5.01,18.34,1.85,4.67,0.81,2.2,0.56,0.78,0.42,1.79,0.89,0.45,0.64,0.31,5.19
Ryan Anderson,201583,2018-19,5.09,16.75,1.77,4.68,0.83,2.36,0.74,1.04,0.43,1.95,0.74,0.48,0.59,0.26,5.16
Channing Frye,101112,2018-19,4.57,15.99,1.66,4.22,0.77,2.17,0.44,0.62,0.39,1.81,0.89,0.34,0.54,0.27,5.01
Nerlens Noel,203457,2018-19,2.93,11.64,1.26,2.56,0,0.04,0.43,0.79,0.96,2.05,0.44,0.37,0.56,0.46,4.98
Pat Connaughton,1626192,2018-19,4.96,15.18,1.94,4.65,0.73,1.98,0.36,0.51,0.27,1.79,0.92,0.39,0.65,0.14,4.95
Quincy Acy,203112,2018-19,4.7,15.68,1.72,4.21,0.9,2.4,0.36,0.49,0.39,1.77,0.65,0.37,0.53,0.2,4.93
Ron Baker,1627758,2018-19,3.42,13.33,1.28,2.98,0.37,1.01,0.5,0.66,0.27,1.14,1.56,0.69,0.54,0.14,4.82
Miles Plumlee,203101,2018-19,3.42,12.55,1.49,3.41,0.04,0.12,0.44,0.7,0.91,1.8,0.58,0.27,0.59,0.45,4.67
Solomon Hill,203524,2018-19,3.37,15.16,1.23,3.47,0.45,1.4,0.5,0.72,0.49,1.44,1.4,0.71,0.6,0.12,4.48
Nik Stauskas,203917,2018-19,4.7,15.4,1.77,4.54,0.63,1.91,0.54,0.75,0.3,1.46,1.05,0.38,0.68,0.17,4.4
Lance Thomas,202498,2018-19,3.83,14.65,1.51,3.69,0.47,1.47,0.38,0.5,0.59,1.49,0.58,0.44,0.47,0.22,4.38
Jared Dudley,201162,2018-19,3.51,14.71,1.32,3.29,0.19,0.7,0.71,0.85,0.32,1.11,1.45,0.46,0.72,0.1,4.13
Juan Hernangomez,1627823,2018-19,3.71,11.67,1.38,3.26,0.51,1.41,0.48,0.64,0.48,1.35,0.54,0.34,0.45,0.16,4.08
Meyers Leonard,203086,2018-19,3.94,10.84,1.5,3.36,0.38,1.06,0.54,0.7,0.4,1.16,0.5,0.28,0.56,0.22,3.94
Demetrius Jackson,1627743,2018-19,3.23,11.09,1.08,2.62,0.23,0.7,0.82,1.14,0.23,0.8,1.23,0.4,0.59,0.11,3.52
Malachi Richardson,1627781,2018-19,3.5,11.2,1.4,3.8,0.6,2,0,0.1,0.1,1.1,0.6,0.5,0.3,0.2,3.2
Malik Beasley,1627736,2018-19,3.3,11.54,1.28,3.16,0.38,1.18,0.41,0.53,0.28,0.8,0.71,0.38,0.5,0.09,3.06
Jake Layman,1627774,2018-19,2.69,9.96,1,2.45,0.26,0.9,0.43,0.56,0.23,0.7,0.75,0.34,0.4,0.11,2.83
Alex Poythress,1627816,2018-19,2.24,9.09,0.85,1.9,0.35,0.9,0.15,0.15,0.2,0.74,0.54,0.15,0.3,0.05,2.56
